{
  "timestamp": "20251002_153628",
  "component_timings": {
    "full_forward_pass": 0.005924077033996582,
    "player_embedding": 4.602432250976562e-05,
    "input_projection": 0.0006523990631103516,
    "positional_encoding": 0.0002225017547607422,
    "transformer_encoder": 0.0027504634857177736,
    "attention_pooling": 0.00014578342437744141,
    "policy_head": 3.5939216613769533e-05,
    "value_head": 5.8641433715820314e-05
  },
  "architecture_comparison": [
    {
      "name": "Current (Complex)",
      "time_ms": 5.594081878662109,
      "params": 1074165,
      "config": {
        "name": "Current (Complex)",
        "embed_dim": 128,
        "num_attention_heads": 4,
        "num_attention_layers": 2
      }
    },
    {
      "name": "Reduced Attention",
      "time_ms": 2.7356433868408203,
      "params": 401269,
      "config": {
        "name": "Reduced Attention",
        "embed_dim": 64,
        "num_attention_heads": 2,
        "num_attention_layers": 1
      }
    },
    {
      "name": "Minimal Attention",
      "time_ms": 2.919459342956543,
      "params": 183285,
      "config": {
        "name": "Minimal Attention",
        "embed_dim": 32,
        "num_attention_heads": 1,
        "num_attention_layers": 1
      }
    }
  ]
}