{
  "simulation_info": {
    "timestamp": "20250909_235517",
    "total_games": 300
  },
  "analysis": {
    "total_games": 300,
    "expected_points_per_player": 6.5,
    "rl_agent": {
      "avg_score": 6.633333333333334,
      "std_score": 6.894361625431482,
      "best_score": 0.0,
      "worst_score": 26.0,
      "avg_rank": 2.3966666666666665,
      "wins": 93,
      "win_rate": 0.31,
      "invalid_moves": 0,
      "total_moves": 18216,
      "invalid_move_rate": 0.0,
      "rank_distribution": {
        "rank_1": 93,
        "rank_2": 67,
        "rank_3": 68,
        "rank_4": 72
      },
      "cumulative_percentage": 102.05128205128204,
      "total_points_earned": 1990.0,
      "total_expected_points": 1950.0,
      "percentage_scores": {
        "avg_percentage": 102.05128205128206,
        "std_percentage": 106.06710192971511,
        "best_percentage": 0.0,
        "worst_percentage": 400.0,
        "all_percentages": [
          46.15384615384615,
          353.8461538461538,
          61.53846153846154,
          0.0,
          400.0,
          123.07692307692308,
          61.53846153846154,
          15.384615384615385,
          0.0,
          0.0,
          0.0,
          15.384615384615385,
          200.0,
          15.384615384615385,
          0.0,
          0.0,
          0.0,
          0.0,
          323.0769230769231,
          61.53846153846154,
          0.0,
          200.0,
          123.07692307692308,
          76.92307692307693,
          0.0,
          215.3846153846154,
          76.92307692307693,
          0.0,
          15.384615384615385,
          61.53846153846154,
          138.46153846153845,
          76.92307692307693,
          261.53846153846155,
          200.0,
          15.384615384615385,
          123.07692307692308,
          46.15384615384615,
          0.0,
          61.53846153846154,
          215.3846153846154,
          46.15384615384615,
          76.92307692307693,
          200.0,
          0.0,
          0.0,
          246.15384615384616,
          0.0,
          0.0,
          153.84615384615387,
          61.53846153846154,
          276.9230769230769,
          15.384615384615385,
          0.0,
          61.53846153846154,
          0.0,
          0.0,
          76.92307692307693,
          123.07692307692308,
          0.0,
          76.92307692307693,
          61.53846153846154,
          0.0,
          0.0,
          230.76923076923075,
          0.0,
          15.384615384615385,
          276.9230769230769,
          200.0,
          0.0,
          61.53846153846154,
          0.0,
          0.0,
          61.53846153846154,
          307.69230769230774,
          92.3076923076923,
          338.46153846153845,
          61.53846153846154,
          92.3076923076923,
          92.3076923076923,
          123.07692307692308,
          230.76923076923075,
          138.46153846153845,
          61.53846153846154,
          0.0,
          46.15384615384615,
          200.0,
          76.92307692307693,
          261.53846153846155,
          0.0,
          153.84615384615387,
          76.92307692307693,
          261.53846153846155,
          0.0,
          0.0,
          276.9230769230769,
          107.6923076923077,
          0.0,
          0.0,
          400.0,
          15.384615384615385,
          30.76923076923077,
          0.0,
          61.53846153846154,
          0.0,
          261.53846153846155,
          0.0,
          46.15384615384615,
          138.46153846153845,
          276.9230769230769,
          0.0,
          0.0,
          61.53846153846154,
          46.15384615384615,
          61.53846153846154,
          92.3076923076923,
          0.0,
          76.92307692307693,
          92.3076923076923,
          61.53846153846154,
          30.76923076923077,
          0.0,
          76.92307692307693,
          0.0,
          61.53846153846154,
          76.92307692307693,
          61.53846153846154,
          184.6153846153846,
          15.384615384615385,
          0.0,
          169.23076923076923,
          215.3846153846154,
          76.92307692307693,
          246.15384615384616,
          61.53846153846154,
          215.3846153846154,
          61.53846153846154,
          61.53846153846154,
          15.384615384615385,
          61.53846153846154,
          153.84615384615387,
          338.46153846153845,
          15.384615384615385,
          276.9230769230769,
          46.15384615384615,
          46.15384615384615,
          61.53846153846154,
          46.15384615384615,
          15.384615384615385,
          61.53846153846154,
          46.15384615384615,
          0.0,
          30.76923076923077,
          0.0,
          0.0,
          307.69230769230774,
          30.76923076923077,
          76.92307692307693,
          292.30769230769226,
          76.92307692307693,
          61.53846153846154,
          61.53846153846154,
          61.53846153846154,
          46.15384615384615,
          200.0,
          261.53846153846155,
          61.53846153846154,
          384.61538461538464,
          92.3076923076923,
          246.15384615384616,
          61.53846153846154,
          0.0,
          0.0,
          200.0,
          230.76923076923075,
          92.3076923076923,
          61.53846153846154,
          0.0,
          230.76923076923075,
          230.76923076923075,
          107.6923076923077,
          0.0,
          0.0,
          61.53846153846154,
          276.9230769230769,
          0.0,
          107.6923076923077,
          261.53846153846155,
          0.0,
          30.76923076923077,
          46.15384615384615,
          46.15384615384615,
          0.0,
          200.0,
          46.15384615384615,
          0.0,
          400.0,
          0.0,
          0.0,
          307.69230769230774,
          46.15384615384615,
          15.384615384615385,
          276.9230769230769,
          292.30769230769226,
          215.3846153846154,
          276.9230769230769,
          15.384615384615385,
          15.384615384615385,
          30.76923076923077,
          123.07692307692308,
          0.0,
          0.0,
          0.0,
          61.53846153846154,
          76.92307692307693,
          276.9230769230769,
          0.0,
          230.76923076923075,
          15.384615384615385,
          200.0,
          61.53846153846154,
          246.15384615384616,
          46.15384615384615,
          0.0,
          169.23076923076923,
          400.0,
          30.76923076923077,
          246.15384615384616,
          200.0,
          246.15384615384616,
          0.0,
          276.9230769230769,
          138.46153846153845,
          15.384615384615385,
          76.92307692307693,
          230.76923076923075,
          15.384615384615385,
          92.3076923076923,
          123.07692307692308,
          0.0,
          76.92307692307693,
          107.6923076923077,
          30.76923076923077,
          92.3076923076923,
          0.0,
          15.384615384615385,
          230.76923076923075,
          92.3076923076923,
          307.69230769230774,
          0.0,
          353.8461538461538,
          246.15384615384616,
          0.0,
          261.53846153846155,
          261.53846153846155,
          15.384615384615385,
          61.53846153846154,
          15.384615384615385,
          246.15384615384616,
          61.53846153846154,
          61.53846153846154,
          61.53846153846154,
          15.384615384615385,
          92.3076923076923,
          107.6923076923077,
          123.07692307692308,
          261.53846153846155,
          0.0,
          200.0,
          46.15384615384615,
          200.0,
          61.53846153846154,
          200.0,
          200.0,
          15.384615384615385,
          246.15384615384616,
          61.53846153846154,
          76.92307692307693,
          138.46153846153845,
          61.53846153846154,
          0.0,
          46.15384615384615,
