{
  "simulation_info": {
    "timestamp": "20250925_113355",
    "total_games": 3
  },
  "analysis": {
    "total_games": 3,
    "expected_points_per_player": 6.5,
    "rl_agent": {
      "avg_score": 6.666666666666667,
      "std_score": 6.79869268479038,
      "best_score": 0.0,
      "worst_score": 16.0,
      "avg_rank": 2.6666666666666665,
      "wins": 1,
      "win_rate": 0.3333333333333333,
      "invalid_moves": 0,
      "total_moves": 45,
      "invalid_move_rate": 0.0,
      "rank_distribution": {
        "rank_1": 1,
        "rank_2": 0,
        "rank_3": 1,
        "rank_4": 1
      },
      "cumulative_percentage": 102.56410256410255,
      "total_points_earned": 20.0,
      "total_expected_points": 19.5,
      "percentage_scores": {
        "avg_percentage": 102.56410256410255,
        "std_percentage": 104.59527207369814,
        "best_percentage": 0.0,
        "worst_percentage": 246.15384615384616,
        "all_percentages": [
          61.53846153846154,
          246.15384615384616,
          0.0
        ]
      }
    },
    "bot_performance": {
      "conservative": {
        "wins": 3,
        "win_rate": 1.0,
        "avg_score": 6.444444444444445,
        "cumulative_percentage": 297.43589743589746,
        "total_points_earned": 58.0,
        "percentage_scores": {
          "avg_percentage": 99.14529914529913,
          "std_percentage": 133.15789466085778,
          "best_percentage": 0.0,
          "worst_percentage": 369.2307692307692
        }
      }
    }
  },
  "individual_games": [
    {
      "timestamp": "2025-09-25T11:33:55.730130",
      "player_scores": [
        4.0,
        1.0,
        20.0,
        1.0
      ],
      "player_percentages": [
        61.53846153846154,
        15.384615384615385,
        307.69230769230774,
        15.384615384615385
      ],
      "expected_points_per_player": 6.5,
      "winner": 1,
      "winners": [
        1,
        3
      ],
      "rl_agent_score": 4.0,
      "rl_agent_percentage": 61.53846153846154,
      "rl_agent_rank": 3,
      "bot_scores": [
        1.0,
        20.0,
        1.0
      ],
      "bot_percentages": [
        15.384615384615385,
        307.69230769230774,
        15.384615384615385
      ],
      "bot_strategies": [
        "conservative",
        "conservative",
        "conservative"
      ],
      "total_actions": 16,
      "game_length": 16,
      "rl_decisions": 16,
      "debug_info": {
        "total_rl_moves": 16,
        "rl_decision_count": 16
      }
    },
    {
      "timestamp": "2025-09-25T11:33:55.752520",
      "player_scores": [
        16.0,
        8.0,
        2.0,
        0.0
      ],
      "player_percentages": [
        246.15384615384616,
        123.07692307692308,
        30.76923076923077,
        0.0
      ],
      "expected_points_per_player": 6.5,
      "winner": 3,
      "winners": [
        3
      ],
      "rl_agent_score": 16.0,
      "rl_agent_percentage": 246.15384615384616,
      "rl_agent_rank": 4,
      "bot_scores": [
        8.0,
        2.0,
        0.0
      ],
      "bot_percentages": [
        123.07692307692308,
        30.76923076923077,
        0.0
      ],
      "bot_strategies": [
        "conservative",
        "conservative",
        "conservative"
      ],
      "total_actions": 16,
      "game_length": 16,
      "rl_decisions": 16,
      "debug_info": {
        "total_rl_moves": 32,
        "rl_decision_count": 16
      }
    },
    {
      "timestamp": "2025-09-25T11:33:55.770634",
      "player_scores": [
        0.0,
        1.0,
        24.0,
        1.0
      ],
      "player_percentages": [
        0.0,
        15.384615384615385,
        369.2307692307692,
        15.384615384615385
      ],
      "expected_points_per_player": 6.5,
      "winner": 0,
      "winners": [
        0
      ],
      "rl_agent_score": 0.0,
      "rl_agent_percentage": 0.0,
      "rl_agent_rank": 1,
      "bot_scores": [
        1.0,
        24.0,
        1.0
      ],
      "bot_percentages": [
        15.384615384615385,
        369.2307692307692,
        15.384615384615385
      ],
      "bot_strategies": [
        "conservative",
        "conservative",
        "conservative"
      ],
      "total_actions": 13,
      "game_length": 13,
      "rl_decisions": 13,
      "debug_info": {
        "total_rl_moves": 45,
        "rl_decision_count": 13
      }
    }
  ]
}