{
  "simulation_info": {
    "timestamp": "20250922_180901",
    "total_games": 300
  },
  "analysis": {
    "total_games": 300,
    "expected_points_per_player": 6.5,
    "rl_agent": {
      "avg_score": 6.816666666666666,
      "std_score": 7.015439322586213,
      "best_score": 0.0,
      "worst_score": 26.0,
      "avg_rank": 2.41,
      "wins": 95,
      "win_rate": 0.31666666666666665,
      "invalid_moves": 0,
      "total_moves": 18300,
      "invalid_move_rate": 0.0,
      "rank_distribution": {
        "rank_1": 95,
        "rank_2": 63,
        "rank_3": 66,
        "rank_4": 76
      },
      "cumulative_percentage": 104.87179487179488,
      "total_points_earned": 2045.0,
      "total_expected_points": 1950.0,
      "percentage_scores": {
        "avg_percentage": 104.87179487179488,
        "std_percentage": 107.92983573209557,
        "best_percentage": 0.0,
        "worst_percentage": 400.0,
        "all_percentages": [
          76.92307692307693,
          123.07692307692308,
          0.0,
          246.15384615384616,
          246.15384615384616,
          230.76923076923075,
          400.0,
          76.92307692307693,
          0.0,
          261.53846153846155,
          138.46153846153845,
          246.15384615384616,
          138.46153846153845,
          46.15384615384615,
          76.92307692307693,
          0.0,
          276.9230769230769,
          92.3076923076923,
          123.07692307692308,
          230.76923076923075,
          0.0,
          261.53846153846155,
          0.0,
          0.0,
          46.15384615384615,
          107.6923076923077,
          61.53846153846154,
          0.0,
          0.0,
          323.0769230769231,
          61.53846153846154,
          0.0,
          46.15384615384615,
          46.15384615384615,
          0.0,
          15.384615384615385,
          30.76923076923077,
          0.0,
          76.92307692307693,
          0.0,
          0.0,
          0.0,
          153.84615384615387,
          0.0,
          0.0,
          292.30769230769226,
          76.92307692307693,
          0.0,
          15.384615384615385,
          61.53846153846154,
          61.53846153846154,
          400.0,
          30.76923076923077,
          0.0,
          92.3076923076923,
          153.84615384615387,
          30.76923076923077,
          76.92307692307693,
          61.53846153846154,
          0.0,
          292.30769230769226,
          15.384615384615385,
          92.3076923076923,
          0.0,
          61.53846153846154,
          123.07692307692308,
          0.0,
          200.0,
          338.46153846153845,
          76.92307692307693,
          46.15384615384615,
          61.53846153846154,
          123.07692307692308,
          46.15384615384615,
          76.92307692307693,
          369.2307692307692,
          92.3076923076923,
          0.0,
          0.0,
          123.07692307692308,
          0.0,
          0.0,
          0.0,
          61.53846153846154,
          30.76923076923077,
          0.0,
          261.53846153846155,
          0.0,
          261.53846153846155,
          0.0,
          292.30769230769226,
          0.0,
          15.384615384615385,
          61.53846153846154,
          61.53846153846154,
          0.0,
          307.69230769230774,
          15.384615384615385,
          261.53846153846155,
          107.6923076923077,
          15.384615384615385,
          61.53846153846154,
          76.92307692307693,
          92.3076923076923,
          323.0769230769231,
          92.3076923076923,
          261.53846153846155,
          107.6923076923077,
          261.53846153846155,
          261.53846153846155,
          92.3076923076923,
          292.30769230769226,
          261.53846153846155,
          323.0769230769231,
          76.92307692307693,
          307.69230769230774,
          153.84615384615387,
          0.0,
          15.384615384615385,
          0.0,
          107.6923076923077,
          76.92307692307693,
          30.76923076923077,
          61.53846153846154,
          215.3846153846154,
          92.3076923076923,
          338.46153846153845,
          107.6923076923077,
          261.53846153846155,
          0.0,
          0.0,
          200.0,
          215.3846153846154,
          353.8461538461538,
          15.384615384615385,
          61.53846153846154,
          0.0,
          0.0,
          215.3846153846154,
          200.0,
          0.0,
          15.384615384615385,
          0.0,
          61.53846153846154,
          0.0,
          61.53846153846154,
          276.9230769230769,
          61.53846153846154,
          0.0,
          276.9230769230769,
          276.9230769230769,
          200.0,
          123.07692307692308,
          15.384615384615385,
          0.0,
          200.0,
          0.0,
          15.384615384615385,
          0.0,
          15.384615384615385,
          123.07692307692308,
          0.0,
          46.15384615384615,
          0.0,
          261.53846153846155,
          246.15384615384616,
          323.0769230769231,
          107.6923076923077,
          107.6923076923077,
          46.15384615384615,
          15.384615384615385,
          0.0,
          61.53846153846154,
          92.3076923076923,
          15.384615384615385,
          215.3846153846154,
          0.0,
          15.384615384615385,
          61.53846153846154,
          76.92307692307693,
          61.53846153846154,
          0.0,
          0.0,
          400.0,
          0.0,
          0.0,
          246.15384615384616,
          0.0,
          15.384615384615385,
          46.15384615384615,
          200.0,
          276.9230769230769,
          0.0,
          200.0,
          0.0,
          15.384615384615385,
          61.53846153846154,
          323.0769230769231,
          0.0,
          76.92307692307693,
          61.53846153846154,
          246.15384615384616,
          215.3846153846154,
          30.76923076923077,
          292.30769230769226,
          215.3846153846154,
          323.0769230769231,
          107.6923076923077,
          61.53846153846154,
          123.07692307692308,
          30.76923076923077,
          0.0,
          92.3076923076923,
          61.53846153846154,
          30.76923076923077,
          0.0,
          61.53846153846154,
          76.92307692307693,
          123.07692307692308,
          15.384615384615385,
          61.53846153846154,
          0.0,
          46.15384615384615,
          76.92307692307693,
          76.92307692307693,
          323.0769230769231,
          0.0,
          153.84615384615387,
          30.76923076923077,
          0.0,
          15.384615384615385,
          61.53846153846154,
          61.53846153846154,
          0.0,
          107.6923076923077,
          276.9230769230769,
          61.53846153846154,
          323.0769230769231,
          0.0,
          30.76923076923077,
          200.0,
          0.0,
          61.53846153846154,
          292.30769230769226,
          61.53846153846154,
          92.3076923076923,
          46.15384615384615,
          169.23076923076923,
          61.53846153846154,
          92.3076923076923,
          200.0,
          76.92307692307693,
          0.0,
          92.3076923076923,
          92.3076923076923,
          153.84615384615387,
          61.53846153846154,
          0.0,
          200.0,
          15.384615384615385,
          246.15384615384616,
          15.384615384615385,
          92.3076923076923,
          61.53846153846154,
          92.3076923076923,
          76.92307692307693,
          61.53846153846154,
          76.92307692307693,
          261.53846153846155,
          15.384615384615385,
          30.76923076923077,
          30.76923076923077,
          261.53846153846155,
          200.0,
          246.15384615384616,
          200.0,
          30.76923076923077,
          46.15384615384615,
          61.53846153846154,
