{
  "simulation_info": {
    "timestamp": "20250925_105137",
    "total_games": 300
  },
  "analysis": {
    "total_games": 300,
    "expected_points_per_player": 6.5,
    "rl_agent": {
      "avg_score": 6.553333333333334,
      "std_score": 6.946976960440338,
      "best_score": 0.0,
      "worst_score": 26.0,
      "avg_rank": 2.4166666666666665,
      "wins": 90,
      "win_rate": 0.3,
      "invalid_moves": 0,
      "total_moves": 18336,
      "invalid_move_rate": 0.0,
      "rank_distribution": {
        "rank_1": 90,
        "rank_2": 66,
        "rank_3": 73,
        "rank_4": 71
      },
      "cumulative_percentage": 100.82051282051283,
      "total_points_earned": 1966.0,
      "total_expected_points": 1950.0,
      "percentage_scores": {
        "avg_percentage": 100.82051282051282,
        "std_percentage": 106.87656862215906,
        "best_percentage": 0.0,
        "worst_percentage": 400.0,
        "all_percentages": [
          92.3076923076923,
          46.15384615384615,
          46.15384615384615,
          76.92307692307693,
          0.0,
          76.92307692307693,
          46.15384615384615,
          46.15384615384615,
          292.30769230769226,
          92.3076923076923,
          261.53846153846155,
          15.384615384615385,
          107.6923076923077,
          61.53846153846154,
          76.92307692307693,
          261.53846153846155,
          15.384615384615385,
          46.15384615384615,
          153.84615384615387,
          0.0,
          76.92307692307693,
          46.15384615384615,
          276.9230769230769,
          30.76923076923077,
          0.0,
          46.15384615384615,
          0.0,
          61.53846153846154,
          61.53846153846154,
          200.0,
          61.53846153846154,
          107.6923076923077,
          123.07692307692308,
          0.0,
          15.384615384615385,
          0.0,
          0.0,
          200.0,
          123.07692307692308,
          215.3846153846154,
          292.30769230769226,
          0.0,
          0.0,
          76.92307692307693,
          0.0,
          15.384615384615385,
          0.0,
          15.384615384615385,
          61.53846153846154,
          61.53846153846154,
          230.76923076923075,
          15.384615384615385,
          400.0,
          30.76923076923077,
          307.69230769230774,
          0.0,
          292.30769230769226,
          169.23076923076923,
          61.53846153846154,
          30.76923076923077,
          276.9230769230769,
          215.3846153846154,
          15.384615384615385,
          123.07692307692308,
          215.3846153846154,
          0.0,
          200.0,
          323.0769230769231,
          107.6923076923077,
          0.0,
          76.92307692307693,
          230.76923076923075,
          61.53846153846154,
          153.84615384615387,
          61.53846153846154,
          107.6923076923077,
          61.53846153846154,
          46.15384615384615,
          76.92307692307693,
          15.384615384615385,
          15.384615384615385,
          46.15384615384615,
          46.15384615384615,
          30.76923076923077,
          0.0,
          0.0,
          215.3846153846154,
          200.0,
          92.3076923076923,
          0.0,
          15.384615384615385,
          384.61538461538464,
          15.384615384615385,
          46.15384615384615,
          92.3076923076923,
          107.6923076923077,
          0.0,
          30.76923076923077,
          276.9230769230769,
          0.0,
          261.53846153846155,
          76.92307692307693,
          61.53846153846154,
          0.0,
          0.0,
          138.46153846153845,
          276.9230769230769,
          0.0,
          123.07692307692308,
          15.384615384615385,
          200.0,
          184.6153846153846,
          15.384615384615385,
          200.0,
          123.07692307692308,
          15.384615384615385,
          123.07692307692308,
          15.384615384615385,
          123.07692307692308,
          15.384615384615385,
          0.0,
          200.0,
          76.92307692307693,
          261.53846153846155,
          200.0,
          246.15384615384616,
          0.0,
          138.46153846153845,
          76.92307692307693,
          0.0,
          261.53846153846155,
          0.0,
          15.384615384615385,
          307.69230769230774,
          46.15384615384615,
          76.92307692307693,
          0.0,
          61.53846153846154,
          400.0,
          215.3846153846154,
          292.30769230769226,
          123.07692307692308,
          123.07692307692308,
          46.15384615384615,
          46.15384615384615,
          261.53846153846155,
          107.6923076923077,
          0.0,
          200.0,
          0.0,
          0.0,
          76.92307692307693,
          61.53846153846154,
          61.53846153846154,
          138.46153846153845,
          0.0,
          46.15384615384615,
          323.0769230769231,
          353.8461538461538,
          15.384615384615385,
          15.384615384615385,
          0.0,
          15.384615384615385,
          123.07692307692308,
          0.0,
          15.384615384615385,
          0.0,
          30.76923076923077,
          15.384615384615385,
          261.53846153846155,
          0.0,
          292.30769230769226,
          61.53846153846154,
          0.0,
          138.46153846153845,
          46.15384615384615,
          61.53846153846154,
          30.76923076923077,
          76.92307692307693,
          200.0,
          276.9230769230769,
          30.76923076923077,
          0.0,
          0.0,
          46.15384615384615,
          76.92307692307693,
          0.0,
          384.61538461538464,
          15.384615384615385,
          0.0,
          76.92307692307693,
          46.15384615384615,
          61.53846153846154,
          107.6923076923077,
          15.384615384615385,
          76.92307692307693,
          76.92307692307693,
          46.15384615384615,
          61.53846153846154,
          276.9230769230769,
          0.0,
          276.9230769230769,
          215.3846153846154,
          261.53846153846155,
          107.6923076923077,
          61.53846153846154,
          0.0,
          400.0,
          76.92307692307693,
          61.53846153846154,
          323.0769230769231,
          46.15384615384615,
          30.76923076923077,
          246.15384615384616,
          323.0769230769231,
          0.0,
          200.0,
          76.92307692307693,
          61.53846153846154,
          76.92307692307693,
          15.384615384615385,
          369.2307692307692,
          246.15384615384616,
          61.53846153846154,
          384.61538461538464,
          61.53846153846154,
          61.53846153846154,
          46.15384615384615,
          0.0,
          261.53846153846155,
          0.0,
          61.53846153846154,
          0.0,
          61.53846153846154,
          61.53846153846154,
          276.9230769230769,
          200.0,
          61.53846153846154,
          15.384615384615385,
          0.0,
          200.0,
          307.69230769230774,
          46.15384615384615,
          0.0,
          61.53846153846154,
          15.384615384615385,
          61.53846153846154,
          0.0,
          276.9230769230769,
          61.53846153846154,
          276.9230769230769,
          200.0,
          0.0,
          76.92307692307693,
          323.0769230769231,
          15.384615384615385,
          15.384615384615385,
          246.15384615384616,
          0.0,
          215.3846153846154,
          15.384615384615385,
          261.53846153846155,
          0.0,
          323.0769230769231,
          76.92307692307693,
          261.53846153846155,
          46.15384615384615,
          15.384615384615385,
          0.0,
          0.0,
          0.0,
          230.76923076923075,
          76.92307692307693,
          0.0,
