{
  "simulation_info": {
    "timestamp": "20250925_110608",
    "total_games": 300
  },
  "analysis": {
    "total_games": 300,
    "expected_points_per_player": 6.5,
    "rl_agent": {
      "avg_score": 6.003333333333333,
      "std_score": 6.27455089140959,
      "best_score": 0.0,
      "worst_score": 24.0,
      "avg_rank": 2.296666666666667,
      "wins": 104,
      "win_rate": 0.3466666666666667,
      "invalid_moves": 0,
      "total_moves": 18312,
      "invalid_move_rate": 0.0,
      "rank_distribution": {
        "rank_1": 104,
        "rank_2": 69,
        "rank_3": 61,
        "rank_4": 66
      },
      "cumulative_percentage": 92.35897435897435,
      "total_points_earned": 1801.0,
      "total_expected_points": 1950.0,
      "percentage_scores": {
        "avg_percentage": 92.35897435897435,
        "std_percentage": 96.53155217553216,
        "best_percentage": 0.0,
        "worst_percentage": 369.2307692307692,
        "all_percentages": [
          261.53846153846155,
          138.46153846153845,
          46.15384615384615,
          169.23076923076923,
          0.0,
          107.6923076923077,
          0.0,
          107.6923076923077,
          61.53846153846154,
          0.0,
          246.15384615384616,
          230.76923076923075,
          76.92307692307693,
          30.76923076923077,
          76.92307692307693,
          15.384615384615385,
          15.384615384615385,
          46.15384615384615,
          323.0769230769231,
          61.53846153846154,
          61.53846153846154,
          30.76923076923077,
          61.53846153846154,
          369.2307692307692,
          200.0,
          0.0,
          0.0,
          123.07692307692308,
          15.384615384615385,
          0.0,
          0.0,
          92.3076923076923,
          61.53846153846154,
          15.384615384615385,
          261.53846153846155,
          276.9230769230769,
          276.9230769230769,
          0.0,
          123.07692307692308,
          46.15384615384615,
          15.384615384615385,
          0.0,
          0.0,
          323.0769230769231,
          107.6923076923077,
          15.384615384615385,
          46.15384615384615,
          0.0,
          200.0,
          0.0,
          46.15384615384615,
          261.53846153846155,
          46.15384615384615,
          200.0,
          76.92307692307693,
          61.53846153846154,
          61.53846153846154,
          276.9230769230769,
          76.92307692307693,
          46.15384615384615,
          0.0,
          15.384615384615385,
          30.76923076923077,
          61.53846153846154,
          76.92307692307693,
          61.53846153846154,
          76.92307692307693,
          30.76923076923077,
          76.92307692307693,
          92.3076923076923,
          92.3076923076923,
          30.76923076923077,
          30.76923076923077,
          15.384615384615385,
          0.0,
          200.0,
          0.0,
          61.53846153846154,
          76.92307692307693,
          30.76923076923077,
          307.69230769230774,
          15.384615384615385,
          92.3076923076923,
          138.46153846153845,
          61.53846153846154,
          0.0,
          61.53846153846154,
          200.0,
          0.0,
          46.15384615384615,
          0.0,
          261.53846153846155,
          292.30769230769226,
          323.0769230769231,
          276.9230769230769,
          200.0,
          107.6923076923077,
          246.15384615384616,
          200.0,
          261.53846153846155,
          61.53846153846154,
          307.69230769230774,
          276.9230769230769,
          323.0769230769231,
          0.0,
          61.53846153846154,
          0.0,
          76.92307692307693,
          0.0,
          61.53846153846154,
          30.76923076923077,
          0.0,
          184.6153846153846,
          92.3076923076923,
          0.0,
          76.92307692307693,
          0.0,
          215.3846153846154,
          0.0,
          123.07692307692308,
          0.0,
          15.384615384615385,
          61.53846153846154,
          0.0,
          0.0,
          61.53846153846154,
          0.0,
          215.3846153846154,
          0.0,
          46.15384615384615,
          15.384615384615385,
          30.76923076923077,
          15.384615384615385,
          0.0,
          61.53846153846154,
          76.92307692307693,
          92.3076923076923,
          46.15384615384615,
          153.84615384615387,
          30.76923076923077,
          61.53846153846154,
          0.0,
          61.53846153846154,
          0.0,
          200.0,
          15.384615384615385,
          46.15384615384615,
          76.92307692307693,
          76.92307692307693,
          92.3076923076923,
          261.53846153846155,
          61.53846153846154,
          0.0,
          46.15384615384615,
          61.53846153846154,
          246.15384615384616,
          292.30769230769226,
          123.07692307692308,
          15.384615384615385,
          61.53846153846154,
          215.3846153846154,
          30.76923076923077,
          61.53846153846154,
          0.0,
          200.0,
          0.0,
          61.53846153846154,
          15.384615384615385,
          107.6923076923077,
          61.53846153846154,
          0.0,
          61.53846153846154,
          138.46153846153845,
          123.07692307692308,
          153.84615384615387,
          123.07692307692308,
          61.53846153846154,
          0.0,
          107.6923076923077,
          0.0,
          30.76923076923077,
          215.3846153846154,
          246.15384615384616,
          0.0,
          92.3076923076923,
          0.0,
          200.0,
          169.23076923076923,
          15.384615384615385,
          61.53846153846154,
          61.53846153846154,
          46.15384615384615,
          15.384615384615385,
          261.53846153846155,
          61.53846153846154,
          261.53846153846155,
          15.384615384615385,
          61.53846153846154,
          261.53846153846155,
          61.53846153846154,
          76.92307692307693,
          15.384615384615385,
          0.0,
          123.07692307692308,
          61.53846153846154,
          215.3846153846154,
          30.76923076923077,
          0.0,
          107.6923076923077,
          15.384615384615385,
          76.92307692307693,
          153.84615384615387,
          61.53846153846154,
          61.53846153846154,
          0.0,
          169.23076923076923,
          246.15384615384616,
          0.0,
          261.53846153846155,
          92.3076923076923,
          0.0,
          200.0,
          46.15384615384615,
          0.0,
          46.15384615384615,
          15.384615384615385,
          138.46153846153845,
          0.0,
          0.0,
          0.0,
          200.0,
          61.53846153846154,
          0.0,
          276.9230769230769,
          61.53846153846154,
          61.53846153846154,
          30.76923076923077,
          338.46153846153845,
          276.9230769230769,
          61.53846153846154,
          276.9230769230769,
          261.53846153846155,
          0.0,
          30.76923076923077,
          107.6923076923077,
          15.384615384615385,
          200.0,
          215.3846153846154,
          61.53846153846154,
          15.384615384615385,
          0.0,
          0.0,
          200.0,
          153.84615384615387,
          0.0,
          61.53846153846154,
          30.76923076923077,
          169.23076923076923,
          0.0,
          0.0,
          0.0,
          353.8461538461538,
          46.15384615384615,
          15.384615384615385,
          46.15384615384615,
          261.53846153846155,
          0.0,
          0.0,
          46.15384615384615,
          323.0769230769231,
          0.0,
          123.07692307692308,
          107.6923076923077,
          246.15384615384616,
          246.15384615384616,
