{
  "simulation_info": {
    "timestamp": "20250922_180652",
    "total_games": 300
  },
  "analysis": {
    "total_games": 300,
    "expected_points_per_player": 6.5,
    "rl_agent": {
      "avg_score": 6.56,
      "std_score": 6.6337319813209215,
      "best_score": 0.0,
      "worst_score": 26.0,
      "avg_rank": 2.4166666666666665,
      "wins": 88,
      "win_rate": 0.29333333333333333,
      "invalid_moves": 0,
      "total_moves": 18360,
      "invalid_move_rate": 0.0,
      "rank_distribution": {
        "rank_1": 88,
        "rank_2": 71,
        "rank_3": 69,
        "rank_4": 72
      },
      "cumulative_percentage": 100.92307692307692,
      "total_points_earned": 1968.0,
      "total_expected_points": 1950.0,
      "percentage_scores": {
        "avg_percentage": 100.92307692307692,
        "std_percentage": 102.05741509724494,
        "best_percentage": 0.0,
        "worst_percentage": 400.0,
        "all_percentages": [
          61.53846153846154,
          61.53846153846154,
          15.384615384615385,
          61.53846153846154,
          0.0,
          292.30769230769226,
          400.0,
          0.0,
          200.0,
          46.15384615384615,
          0.0,
          76.92307692307693,
          276.9230769230769,
          61.53846153846154,
          15.384615384615385,
          323.0769230769231,
          15.384615384615385,
          61.53846153846154,
          215.3846153846154,
          30.76923076923077,
          61.53846153846154,
          276.9230769230769,
          15.384615384615385,
          46.15384615384615,
          92.3076923076923,
          0.0,
          200.0,
          0.0,
          15.384615384615385,
          61.53846153846154,
          0.0,
          92.3076923076923,
          0.0,
          0.0,
          200.0,
          215.3846153846154,
          30.76923076923077,
          46.15384615384615,
          0.0,
          46.15384615384615,
          215.3846153846154,
          15.384615384615385,
          92.3076923076923,
          30.76923076923077,
          107.6923076923077,
          292.30769230769226,
          0.0,
          123.07692307692308,
          138.46153846153845,
          46.15384615384615,
          76.92307692307693,
          107.6923076923077,
          261.53846153846155,
          153.84615384615387,
          30.76923076923077,
          92.3076923076923,
          0.0,
          292.30769230769226,
          200.0,
          76.92307692307693,
          0.0,
          15.384615384615385,
          138.46153846153845,
          261.53846153846155,
          200.0,
          76.92307692307693,
          261.53846153846155,
          107.6923076923077,
          76.92307692307693,
          61.53846153846154,
          246.15384615384616,
          92.3076923076923,
          15.384615384615385,
          138.46153846153845,
          0.0,
          15.384615384615385,
          230.76923076923075,
          107.6923076923077,
          61.53846153846154,
          246.15384615384616,
          0.0,
          261.53846153846155,
          76.92307692307693,
          92.3076923076923,
          92.3076923076923,
          76.92307692307693,
          0.0,
          230.76923076923075,
          261.53846153846155,
          215.3846153846154,
          61.53846153846154,
          76.92307692307693,
          30.76923076923077,
          30.76923076923077,
          0.0,
          261.53846153846155,
          384.61538461538464,
          0.0,
          76.92307692307693,
          246.15384615384616,
          46.15384615384615,
          276.9230769230769,
          107.6923076923077,
          0.0,
          92.3076923076923,
          0.0,
          0.0,
          261.53846153846155,
          0.0,
          107.6923076923077,
          230.76923076923075,
          46.15384615384615,
          46.15384615384615,
          61.53846153846154,
          46.15384615384615,
          46.15384615384615,
          215.3846153846154,
          61.53846153846154,
          107.6923076923077,
          0.0,
          107.6923076923077,
          261.53846153846155,
          76.92307692307693,
          0.0,
          30.76923076923077,
          0.0,
          0.0,
          0.0,
          46.15384615384615,
          15.384615384615385,
          200.0,
          200.0,
          15.384615384615385,
          200.0,
          15.384615384615385,
          0.0,
          46.15384615384615,
          215.3846153846154,
          61.53846153846154,
          276.9230769230769,
          0.0,
          30.76923076923077,
          0.0,
          169.23076923076923,
          30.76923076923077,
          30.76923076923077,
          261.53846153846155,
          153.84615384615387,
          15.384615384615385,
          215.3846153846154,
          200.0,
          200.0,
          61.53846153846154,
          92.3076923076923,
          0.0,
          123.07692307692308,
          276.9230769230769,
          30.76923076923077,
          0.0,
          200.0,
          292.30769230769226,
          92.3076923076923,
          0.0,
          215.3846153846154,
          215.3846153846154,
          92.3076923076923,
          61.53846153846154,
          61.53846153846154,
          30.76923076923077,
          0.0,
          246.15384615384616,
          384.61538461538464,
          15.384615384615385,
          230.76923076923075,
          30.76923076923077,
          246.15384615384616,
          138.46153846153845,
          61.53846153846154,
          246.15384615384616,
          123.07692307692308,
          0.0,
          0.0,
          230.76923076923075,
          15.384615384615385,
          0.0,
          0.0,
          92.3076923076923,
          0.0,
          0.0,
          92.3076923076923,
          15.384615384615385,
          123.07692307692308,
          61.53846153846154,
          46.15384615384615,
          384.61538461538464,
          230.76923076923075,
          30.76923076923077,
          61.53846153846154,
          46.15384615384615,
          0.0,
          0.0,
          307.69230769230774,
          123.07692307692308,
          46.15384615384615,
          15.384615384615385,
          61.53846153846154,
          0.0,
          30.76923076923077,
          0.0,
          0.0,
          15.384615384615385,
          107.6923076923077,
          107.6923076923077,
          200.0,
          230.76923076923075,
          0.0,
          200.0,
          76.92307692307693,
          0.0,
          0.0,
          92.3076923076923,
          61.53846153846154,
          76.92307692307693,
          153.84615384615387,
          76.92307692307693,
          138.46153846153845,
          200.0,
          0.0,
          200.0,
          0.0,
          76.92307692307693,
          246.15384615384616,
          15.384615384615385,
          0.0,
          0.0,
          153.84615384615387,
          0.0,
          15.384615384615385,
          138.46153846153845,
          61.53846153846154,
          92.3076923076923,
          0.0,
          46.15384615384615,
          338.46153846153845,
          15.384615384615385,
          276.9230769230769,
          123.07692307692308,
          92.3076923076923,
          0.0,
          0.0,
          292.30769230769226,
          30.76923076923077,
          46.15384615384615,
          276.9230769230769,
          261.53846153846155,
          92.3076923076923,
          61.53846153846154,
          0.0,
          76.92307692307693,
          61.53846153846154,
          123.07692307692308,
          323.0769230769231,
          0.0,
          61.53846153846154,
          107.6923076923077,
          246.15384615384616,
          0.0,
          261.53846153846155,
          153.84615384615387,
          138.46153846153845,
          0.0,
          15.384615384615385,
          400.0,
          0.0,
          323.0769230769231,
          0.0,
          0.0,
