{
  "simulation_info": {
    "timestamp": "20250925_103136",
    "total_games": 300
  },
  "analysis": {
    "total_games": 300,
    "expected_points_per_player": 6.5,
    "rl_agent": {
      "avg_score": 7.1066666666666665,
      "std_score": 7.258692872840276,
      "best_score": 0.0,
      "worst_score": 26.0,
      "avg_rank": 2.473333333333333,
      "wins": 91,
      "win_rate": 0.30333333333333334,
      "invalid_moves": 0,
      "total_moves": 18420,
      "invalid_move_rate": 0.0,
      "rank_distribution": {
        "rank_1": 91,
        "rank_2": 64,
        "rank_3": 57,
        "rank_4": 88
      },
      "cumulative_percentage": 109.33333333333333,
      "total_points_earned": 2132.0,
      "total_expected_points": 1950.0,
      "percentage_scores": {
        "avg_percentage": 109.33333333333333,
        "std_percentage": 111.67219804369655,
        "best_percentage": 0.0,
        "worst_percentage": 400.0,
        "all_percentages": [
          200.0,
          200.0,
          200.0,
          307.69230769230774,
          0.0,
          30.76923076923077,
          0.0,
          30.76923076923077,
          30.76923076923077,
          0.0,
          61.53846153846154,
          215.3846153846154,
          61.53846153846154,
          292.30769230769226,
          200.0,
          338.46153846153845,
          107.6923076923077,
          200.0,
          107.6923076923077,
          323.0769230769231,
          61.53846153846154,
          261.53846153846155,
          0.0,
          0.0,
          0.0,
          0.0,
          138.46153846153845,
          261.53846153846155,
          30.76923076923077,
          215.3846153846154,
          246.15384615384616,
          0.0,
          76.92307692307693,
          92.3076923076923,
          107.6923076923077,
          61.53846153846154,
          46.15384615384615,
          0.0,
          30.76923076923077,
          123.07692307692308,
          92.3076923076923,
          0.0,
          46.15384615384615,
          246.15384615384616,
          0.0,
          61.53846153846154,
          15.384615384615385,
          15.384615384615385,
          0.0,
          15.384615384615385,
          61.53846153846154,
          107.6923076923077,
          76.92307692307693,
          0.0,
          292.30769230769226,
          15.384615384615385,
          0.0,
          0.0,
          46.15384615384615,
          246.15384615384616,
          0.0,
          0.0,
          0.0,
          61.53846153846154,
          46.15384615384615,
          92.3076923076923,
          30.76923076923077,
          246.15384615384616,
          215.3846153846154,
          0.0,
          61.53846153846154,
          46.15384615384615,
          0.0,
          76.92307692307693,
          107.6923076923077,
          15.384615384615385,
          200.0,
          0.0,
          200.0,
          15.384615384615385,
          353.8461538461538,
          46.15384615384615,
          15.384615384615385,
          46.15384615384615,
          138.46153846153845,
          0.0,
          61.53846153846154,
          292.30769230769226,
          30.76923076923077,
          276.9230769230769,
          0.0,
          0.0,
          15.384615384615385,
          246.15384615384616,
          15.384615384615385,
          30.76923076923077,
          92.3076923076923,
          76.92307692307693,
          15.384615384615385,
          0.0,
          0.0,
          261.53846153846155,
          61.53846153846154,
          200.0,
          0.0,
          200.0,
          30.76923076923077,
          123.07692307692308,
          246.15384615384616,
          123.07692307692308,
          92.3076923076923,
          76.92307692307693,
          15.384615384615385,
          15.384615384615385,
          107.6923076923077,
          276.9230769230769,
          200.0,
          0.0,
          0.0,
          15.384615384615385,
          246.15384615384616,
          292.30769230769226,
          30.76923076923077,
          0.0,
          0.0,
          15.384615384615385,
          15.384615384615385,
          261.53846153846155,
          0.0,
          15.384615384615385,
          46.15384615384615,
          76.92307692307693,
          0.0,
          200.0,
          76.92307692307693,
          0.0,
          0.0,
          0.0,
          30.76923076923077,
          261.53846153846155,
          384.61538461538464,
          76.92307692307693,
          369.2307692307692,
          200.0,
          246.15384615384616,
          123.07692307692308,
          0.0,
          76.92307692307693,
          61.53846153846154,
          153.84615384615387,
          61.53846153846154,
          276.9230769230769,
          123.07692307692308,
          323.0769230769231,
          323.0769230769231,
          107.6923076923077,
          369.2307692307692,
          200.0,
          276.9230769230769,
          0.0,
          30.76923076923077,
          123.07692307692308,
          307.69230769230774,
          61.53846153846154,
          246.15384615384616,
          61.53846153846154,
          215.3846153846154,
          292.30769230769226,
          261.53846153846155,
          261.53846153846155,
          0.0,
          15.384615384615385,
          15.384615384615385,
          0.0,
          15.384615384615385,
          30.76923076923077,
          200.0,
          61.53846153846154,
          61.53846153846154,
          261.53846153846155,
          0.0,
          276.9230769230769,
          200.0,
          107.6923076923077,
          0.0,
          61.53846153846154,
          0.0,
          15.384615384615385,
          307.69230769230774,
          30.76923076923077,
          0.0,
          0.0,
          0.0,
          338.46153846153845,
          0.0,
          246.15384615384616,
          15.384615384615385,
          0.0,
          0.0,
          15.384615384615385,
          76.92307692307693,
          76.92307692307693,
          30.76923076923077,
          46.15384615384615,
          0.0,
          46.15384615384615,
          0.0,
          61.53846153846154,
          261.53846153846155,
          200.0,
          30.76923076923077,
          307.69230769230774,
          138.46153846153845,
          338.46153846153845,
          123.07692307692308,
          230.76923076923075,
          138.46153846153845,
          15.384615384615385,
          0.0,
          200.0,
          46.15384615384615,
          307.69230769230774,
          0.0,
          0.0,
          246.15384615384616,
          46.15384615384615,
          15.384615384615385,
          61.53846153846154,
          292.30769230769226,
          0.0,
          0.0,
          15.384615384615385,
          0.0,
          92.3076923076923,
          246.15384615384616,
          76.92307692307693,
          92.3076923076923,
          107.6923076923077,
          276.9230769230769,
          46.15384615384615,
          246.15384615384616,
          246.15384615384616,
          215.3846153846154,
          15.384615384615385,
          0.0,
          0.0,
          292.30769230769226,
          369.2307692307692,
          30.76923076923077,
          46.15384615384615,
          46.15384615384615,
          0.0,
          0.0,
          261.53846153846155,
          169.23076923076923,
          261.53846153846155,
          0.0,
          0.0,
          107.6923076923077,
          92.3076923076923,
          138.46153846153845,
          76.92307692307693,
          230.76923076923075,
          169.23076923076923,
          61.53846153846154,
          92.3076923076923,
          76.92307692307693,
          61.53846153846154,
          61.53846153846154,
          261.53846153846155,
          61.53846153846154,
          123.07692307692308,
          307.69230769230774,
          276.9230769230769,
          0.0,
          215.3846153846154,
          61.53846153846154,
