{
  "simulation_info": {
    "timestamp": "20250925_104616",
    "total_games": 300
  },
  "analysis": {
    "total_games": 300,
    "expected_points_per_player": 6.5,
    "rl_agent": {
      "avg_score": 7.013333333333334,
      "std_score": 7.244295840329978,
      "best_score": 0.0,
      "worst_score": 26.0,
      "avg_rank": 2.433333333333333,
      "wins": 96,
      "win_rate": 0.32,
      "invalid_moves": 0,
      "total_moves": 18156,
      "invalid_move_rate": 0.0,
      "rank_distribution": {
        "rank_1": 96,
        "rank_2": 60,
        "rank_3": 62,
        "rank_4": 82
      },
      "cumulative_percentage": 107.8974358974359,
      "total_points_earned": 2104.0,
      "total_expected_points": 1950.0,
      "percentage_scores": {
        "avg_percentage": 107.8974358974359,
        "std_percentage": 111.45070523584582,
        "best_percentage": 0.0,
        "worst_percentage": 400.0,
        "all_percentages": [
          200.0,
          76.92307692307693,
          61.53846153846154,
          246.15384615384616,
          153.84615384615387,
          0.0,
          276.9230769230769,
          307.69230769230774,
          92.3076923076923,
          15.384615384615385,
          0.0,
          61.53846153846154,
          15.384615384615385,
          30.76923076923077,
          0.0,
          61.53846153846154,
          30.76923076923077,
          0.0,
          61.53846153846154,
          61.53846153846154,
          61.53846153846154,
          61.53846153846154,
          107.6923076923077,
          138.46153846153845,
          61.53846153846154,
          0.0,
          307.69230769230774,
          92.3076923076923,
          261.53846153846155,
          230.76923076923075,
          292.30769230769226,
          30.76923076923077,
          200.0,
          0.0,
          307.69230769230774,
          0.0,
          30.76923076923077,
          276.9230769230769,
          0.0,
          215.3846153846154,
          61.53846153846154,
          0.0,
          200.0,
          76.92307692307693,
          15.384615384615385,
          261.53846153846155,
          307.69230769230774,
          76.92307692307693,
          230.76923076923075,
          353.8461538461538,
          107.6923076923077,
          0.0,
          15.384615384615385,
          76.92307692307693,
          61.53846153846154,
          15.384615384615385,
          107.6923076923077,
          15.384615384615385,
          200.0,
          76.92307692307693,
          261.53846153846155,
          0.0,
          0.0,
          15.384615384615385,
          107.6923076923077,
          369.2307692307692,
          30.76923076923077,
          46.15384615384615,
          0.0,
          0.0,
          215.3846153846154,
          261.53846153846155,
          292.30769230769226,
          246.15384615384616,
          0.0,
          276.9230769230769,
          107.6923076923077,
          0.0,
          261.53846153846155,
          276.9230769230769,
          15.384615384615385,
          61.53846153846154,
          0.0,
          30.76923076923077,
          169.23076923076923,
          261.53846153846155,
          30.76923076923077,
          0.0,
          200.0,
          292.30769230769226,
          61.53846153846154,
          323.0769230769231,
          61.53846153846154,
          76.92307692307693,
          338.46153846153845,
          76.92307692307693,
          276.9230769230769,
          0.0,
          307.69230769230774,
          30.76923076923077,
          92.3076923076923,
          0.0,
          107.6923076923077,
          138.46153846153845,
          107.6923076923077,
          123.07692307692308,
          30.76923076923077,
          369.2307692307692,
          61.53846153846154,
          61.53846153846154,
          76.92307692307693,
          92.3076923076923,
          0.0,
          138.46153846153845,
          200.0,
          30.76923076923077,
          92.3076923076923,
          292.30769230769226,
          61.53846153846154,
          230.76923076923075,
          292.30769230769226,
          30.76923076923077,
          61.53846153846154,
          61.53846153846154,
          46.15384615384615,
          61.53846153846154,
          200.0,
          61.53846153846154,
          353.8461538461538,
          0.0,
          30.76923076923077,
          15.384615384615385,
          0.0,
          215.3846153846154,
          61.53846153846154,
          30.76923076923077,
          0.0,
          200.0,
          246.15384615384616,
          76.92307692307693,
          46.15384615384615,
          0.0,
          323.0769230769231,
          92.3076923076923,
          276.9230769230769,
          123.07692307692308,
          307.69230769230774,
          323.0769230769231,
          215.3846153846154,
          0.0,
          323.0769230769231,
          138.46153846153845,
          15.384615384615385,
          61.53846153846154,
          61.53846153846154,
          400.0,
          0.0,
          61.53846153846154,
          0.0,
          92.3076923076923,
          61.53846153846154,
          30.76923076923077,
          61.53846153846154,
          92.3076923076923,
          61.53846153846154,
          0.0,
          92.3076923076923,
          200.0,
          107.6923076923077,
          15.384615384615385,
          0.0,
          292.30769230769226,
          30.76923076923077,
          138.46153846153845,
          76.92307692307693,
          261.53846153846155,
          46.15384615384615,
          0.0,
          61.53846153846154,
          61.53846153846154,
          200.0,
          0.0,
          323.0769230769231,
          46.15384615384615,
          215.3846153846154,
          0.0,
          46.15384615384615,
          261.53846153846155,
          46.15384615384615,
          215.3846153846154,
          123.07692307692308,
          61.53846153846154,
          0.0,
          215.3846153846154,
          0.0,
          0.0,
          0.0,
          15.384615384615385,
          0.0,
          215.3846153846154,
          46.15384615384615,
          30.76923076923077,
          261.53846153846155,
          15.384615384615385,
          0.0,
          400.0,
          61.53846153846154,
          0.0,
          46.15384615384615,
          215.3846153846154,
          215.3846153846154,
          107.6923076923077,
          61.53846153846154,
          0.0,
          0.0,
          0.0,
          0.0,
          0.0,
          30.76923076923077,
          76.92307692307693,
          107.6923076923077,
          0.0,
          30.76923076923077,
          0.0,
          76.92307692307693,
          15.384615384615385,
          261.53846153846155,
          292.30769230769226,
          15.384615384615385,
          0.0,
          215.3846153846154,
          107.6923076923077,
          123.07692307692308,
          15.384615384615385,
          200.0,
          0.0,
          76.92307692307693,
          46.15384615384615,
          276.9230769230769,
          15.384615384615385,
          200.0,
          400.0,
          46.15384615384615,
          76.92307692307693,
          261.53846153846155,
          123.07692307692308,
          61.53846153846154,
          46.15384615384615,
          30.76923076923077,
          61.53846153846154,
          76.92307692307693,
          76.92307692307693,
          261.53846153846155,
          46.15384615384615,
          400.0,
          0.0,
          215.3846153846154,
          292.30769230769226,
          138.46153846153845,
          0.0,
          76.92307692307693,
          0.0,
          0.0,
          0.0,
          0.0,
          0.0,
          0.0,
          0.0,
          0.0,
          15.384615384615385,
          46.15384615384615,
          338.46153846153845,
          292.30769230769226,
          0.0,
          46.15384615384615,
          0.0,
          0.0,
