{
  "simulation_info": {
    "timestamp": "20250925_104910",
    "total_games": 300
  },
  "analysis": {
    "total_games": 300,
    "expected_points_per_player": 6.5,
    "rl_agent": {
      "avg_score": 6.406666666666666,
      "std_score": 6.800584942161635,
      "best_score": 0.0,
      "worst_score": 26.0,
      "avg_rank": 2.35,
      "wins": 102,
      "win_rate": 0.34,
      "invalid_moves": 0,
      "total_moves": 18372,
      "invalid_move_rate": 0.0,
      "rank_distribution": {
        "rank_1": 102,
        "rank_2": 63,
        "rank_3": 63,
        "rank_4": 72
      },
      "cumulative_percentage": 98.56410256410257,
      "total_points_earned": 1922.0,
      "total_expected_points": 1950.0,
      "percentage_scores": {
        "avg_percentage": 98.56410256410257,
        "std_percentage": 104.6243837255636,
        "best_percentage": 0.0,
        "worst_percentage": 400.0,
        "all_percentages": [
          0.0,
          76.92307692307693,
          261.53846153846155,
          246.15384615384616,
          123.07692307692308,
          0.0,
          15.384615384615385,
          0.0,
          0.0,
          0.0,
          261.53846153846155,
          15.384615384615385,
          0.0,
          61.53846153846154,
          0.0,
          15.384615384615385,
          76.92307692307693,
          61.53846153846154,
          30.76923076923077,
          76.92307692307693,
          230.76923076923075,
          30.76923076923077,
          61.53846153846154,
          307.69230769230774,
          276.9230769230769,
          200.0,
          61.53846153846154,
          0.0,
          0.0,
          76.92307692307693,
          46.15384615384615,
          246.15384615384616,
          292.30769230769226,
          61.53846153846154,
          0.0,
          276.9230769230769,
          400.0,
          0.0,
          215.3846153846154,
          0.0,
          46.15384615384615,
          323.0769230769231,
          261.53846153846155,
          61.53846153846154,
          230.76923076923075,
          123.07692307692308,
          138.46153846153845,
          46.15384615384615,
          200.0,
          0.0,
          61.53846153846154,
          261.53846153846155,
          61.53846153846154,
          15.384615384615385,
          15.384615384615385,
          92.3076923076923,
          61.53846153846154,
          0.0,
          30.76923076923077,
          15.384615384615385,
          92.3076923076923,
          0.0,
          0.0,
          61.53846153846154,
          46.15384615384615,
          292.30769230769226,
          123.07692307692308,
          123.07692307692308,
          107.6923076923077,
          61.53846153846154,
          92.3076923076923,
          0.0,
          46.15384615384615,
          92.3076923076923,
          0.0,
          107.6923076923077,
          30.76923076923077,
          15.384615384615385,
          0.0,
          200.0,
          30.76923076923077,
          261.53846153846155,
          0.0,
          0.0,
          230.76923076923075,
          61.53846153846154,
          46.15384615384615,
          0.0,
          46.15384615384615,
          261.53846153846155,
          0.0,
          276.9230769230769,
          292.30769230769226,
          15.384615384615385,
          230.76923076923075,
          76.92307692307693,
          230.76923076923075,
          0.0,
          200.0,
          138.46153846153845,
          61.53846153846154,
          215.3846153846154,
          61.53846153846154,
          76.92307692307693,
          0.0,
          0.0,
          15.384615384615385,
          0.0,
          46.15384615384615,
          123.07692307692308,
          107.6923076923077,
          61.53846153846154,
          0.0,
          46.15384615384615,
          0.0,
          15.384615384615385,
          46.15384615384615,
          338.46153846153845,
          323.0769230769231,
          276.9230769230769,
          307.69230769230774,
          61.53846153846154,
          0.0,
          215.3846153846154,
          30.76923076923077,
          0.0,
          215.3846153846154,
          323.0769230769231,
          30.76923076923077,
          123.07692307692308,
          0.0,
          46.15384615384615,
          46.15384615384615,
          200.0,
          200.0,
          123.07692307692308,
          0.0,
          369.2307692307692,
          323.0769230769231,
          215.3846153846154,
          307.69230769230774,
          0.0,
          76.92307692307693,
          0.0,
          107.6923076923077,
          215.3846153846154,
          107.6923076923077,
          123.07692307692308,
          0.0,
          338.46153846153845,
          46.15384615384615,
          0.0,
          0.0,
          61.53846153846154,
          0.0,
          0.0,
          230.76923076923075,
          61.53846153846154,
          61.53846153846154,
          15.384615384615385,
          215.3846153846154,
          92.3076923076923,
          0.0,
          76.92307692307693,
          276.9230769230769,
          276.9230769230769,
          76.92307692307693,
          0.0,
          61.53846153846154,
          46.15384615384615,
          76.92307692307693,
          0.0,
          61.53846153846154,
          92.3076923076923,
          61.53846153846154,
          230.76923076923075,
          0.0,
          0.0,
          0.0,
          123.07692307692308,
          46.15384615384615,
          230.76923076923075,
          76.92307692307693,
          323.0769230769231,
          276.9230769230769,
          15.384615384615385,
          61.53846153846154,
          200.0,
          0.0,
          184.6153846153846,
          0.0,
          0.0,
          200.0,
          0.0,
          0.0,
          123.07692307692308,
          61.53846153846154,
          76.92307692307693,
          46.15384615384615,
          276.9230769230769,
          246.15384615384616,
          15.384615384615385,
          0.0,
          0.0,
          46.15384615384615,
          30.76923076923077,
          107.6923076923077,
          30.76923076923077,
          353.8461538461538,
          61.53846153846154,
          15.384615384615385,
          15.384615384615385,
          0.0,
          61.53846153846154,
          0.0,
          30.76923076923077,
          0.0,
          0.0,
          46.15384615384615,
          30.76923076923077,
          200.0,
          61.53846153846154,
          76.92307692307693,
          0.0,
          246.15384615384616,
          215.3846153846154,
          215.3846153846154,
          76.92307692307693,
          61.53846153846154,
          46.15384615384615,
          0.0,
          123.07692307692308,
          323.0769230769231,
          61.53846153846154,
          123.07692307692308,
          61.53846153846154,
          323.0769230769231,
          0.0,
          200.0,
          46.15384615384615,
          107.6923076923077,
          323.0769230769231,
          0.0,
          123.07692307692308,
          0.0,
          61.53846153846154,
          338.46153846153845,
          46.15384615384615,
          261.53846153846155,
          76.92307692307693,
          153.84615384615387,
          76.92307692307693,
          15.384615384615385,
          0.0,
          15.384615384615385,
          61.53846153846154,
          276.9230769230769,
          61.53846153846154,
          0.0,
          123.07692307692308,
          123.07692307692308,
          0.0,
          338.46153846153845,
          261.53846153846155,
          30.76923076923077,
          15.384615384615385,
          15.384615384615385,
          0.0,
          276.9230769230769,
          215.3846153846154,
          76.92307692307693,
          61.53846153846154,
          0.0,
          61.53846153846154,
          92.3076923076923,
          153.84615384615387,
          307.69230769230774,
          61.53846153846154,
