{
  "simulation_info": {
    "timestamp": "20250925_105219",
    "total_games": 300
  },
  "analysis": {
    "total_games": 300,
    "expected_points_per_player": 6.5,
    "rl_agent": {
      "avg_score": 6.78,
      "std_score": 7.078483830124452,
      "best_score": 0.0,
      "worst_score": 25.0,
      "avg_rank": 2.4166666666666665,
      "wins": 98,
      "win_rate": 0.32666666666666666,
      "invalid_moves": 0,
      "total_moves": 18228,
      "invalid_move_rate": 0.0,
      "rank_distribution": {
        "rank_1": 98,
        "rank_2": 68,
        "rank_3": 45,
        "rank_4": 89
      },
      "cumulative_percentage": 104.3076923076923,
      "total_points_earned": 2034.0,
      "total_expected_points": 1950.0,
      "percentage_scores": {
        "avg_percentage": 104.30769230769232,
        "std_percentage": 108.89975123268387,
        "best_percentage": 0.0,
        "worst_percentage": 384.61538461538464,
        "all_percentages": [
          76.92307692307693,
          30.76923076923077,
          261.53846153846155,
          30.76923076923077,
          276.9230769230769,
          0.0,
          215.3846153846154,
          76.92307692307693,
          0.0,
          261.53846153846155,
          0.0,
          0.0,
          76.92307692307693,
          0.0,
          92.3076923076923,
          307.69230769230774,
          200.0,
          0.0,
          76.92307692307693,
          0.0,
          0.0,
          76.92307692307693,
          307.69230769230774,
          0.0,
          46.15384615384615,
          261.53846153846155,
          307.69230769230774,
          92.3076923076923,
          123.07692307692308,
          246.15384615384616,
          0.0,
          61.53846153846154,
          61.53846153846154,
          46.15384615384615,
          61.53846153846154,
          338.46153846153845,
          0.0,
          338.46153846153845,
          61.53846153846154,
          15.384615384615385,
          261.53846153846155,
          230.76923076923075,
          61.53846153846154,
          61.53846153846154,
          15.384615384615385,
          61.53846153846154,
          30.76923076923077,
          30.76923076923077,
          0.0,
          30.76923076923077,
          0.0,
          0.0,
          323.0769230769231,
          61.53846153846154,
          30.76923076923077,
          246.15384615384616,
          246.15384615384616,
          76.92307692307693,
          15.384615384615385,
          384.61538461538464,
          15.384615384615385,
          246.15384615384616,
          61.53846153846154,
          0.0,
          138.46153846153845,
          261.53846153846155,
          200.0,
          30.76923076923077,
          30.76923076923077,
          30.76923076923077,
          292.30769230769226,
          0.0,
          215.3846153846154,
          107.6923076923077,
          15.384615384615385,
          261.53846153846155,
          215.3846153846154,
          76.92307692307693,
          261.53846153846155,
          15.384615384615385,
          261.53846153846155,
          15.384615384615385,
          353.8461538461538,
          15.384615384615385,
          61.53846153846154,
          92.3076923076923,
          61.53846153846154,
          61.53846153846154,
          169.23076923076923,
          92.3076923076923,
          200.0,
          292.30769230769226,
          0.0,
          15.384615384615385,
          61.53846153846154,
          46.15384615384615,
          200.0,
          0.0,
          292.30769230769226,
          0.0,
          0.0,
          15.384615384615385,
          15.384615384615385,
          92.3076923076923,
          0.0,
          61.53846153846154,
          261.53846153846155,
          61.53846153846154,
          92.3076923076923,
          15.384615384615385,
          123.07692307692308,
          246.15384615384616,
          92.3076923076923,
          0.0,
          0.0,
          0.0,
          107.6923076923077,
          292.30769230769226,
          61.53846153846154,
          0.0,
          0.0,
          30.76923076923077,
          46.15384615384615,
          61.53846153846154,
          200.0,
          92.3076923076923,
          292.30769230769226,
          323.0769230769231,
          30.76923076923077,
          307.69230769230774,
          61.53846153846154,
          200.0,
          0.0,
          276.9230769230769,
          123.07692307692308,
          61.53846153846154,
          61.53846153846154,
          0.0,
          0.0,
          15.384615384615385,
          261.53846153846155,
          0.0,
          323.0769230769231,
          230.76923076923075,
          46.15384615384615,
          61.53846153846154,
          0.0,
          200.0,
          261.53846153846155,
          0.0,
          215.3846153846154,
          0.0,
          369.2307692307692,
          0.0,
          15.384615384615385,
          0.0,
          261.53846153846155,
          0.0,
          276.9230769230769,
          123.07692307692308,
          323.0769230769231,
          261.53846153846155,
          0.0,
          15.384615384615385,
          230.76923076923075,
          200.0,
          215.3846153846154,
          30.76923076923077,
          61.53846153846154,
          76.92307692307693,
          61.53846153846154,
          76.92307692307693,
          353.8461538461538,
          15.384615384615385,
          0.0,
          46.15384615384615,
          246.15384615384616,
          15.384615384615385,
          15.384615384615385,
          46.15384615384615,
          92.3076923076923,
          0.0,
          61.53846153846154,
          76.92307692307693,
          0.0,
          246.15384615384616,
          200.0,
          0.0,
          0.0,
          46.15384615384615,
          0.0,
          0.0,
          0.0,
          200.0,
          0.0,
          230.76923076923075,
          15.384615384615385,
          30.76923076923077,
          0.0,
          0.0,
          76.92307692307693,
          61.53846153846154,
          0.0,
          76.92307692307693,
          292.30769230769226,
          246.15384615384616,
          61.53846153846154,
          30.76923076923077,
          123.07692307692308,
          215.3846153846154,
          107.6923076923077,
          276.9230769230769,
          0.0,
          30.76923076923077,
          261.53846153846155,
          215.3846153846154,
          0.0,
          200.0,
          246.15384615384616,
          61.53846153846154,
          0.0,
          61.53846153846154,
          0.0,
          0.0,
          76.92307692307693,
          76.92307692307693,
          46.15384615384615,
          200.0,
          246.15384615384616,
          0.0,
          261.53846153846155,
          61.53846153846154,
          215.3846153846154,
          61.53846153846154,
          61.53846153846154,
          107.6923076923077,
          76.92307692307693,
          307.69230769230774,
          61.53846153846154,
          276.9230769230769,
          261.53846153846155,
          0.0,
          215.3846153846154,
          123.07692307692308,
          0.0,
          215.3846153846154,
          30.76923076923077,
          0.0,
          15.384615384615385,
          0.0,
          61.53846153846154,
          261.53846153846155,
          61.53846153846154,
          107.6923076923077,
          276.9230769230769,
          92.3076923076923,
          0.0,
          0.0,
          107.6923076923077,
          61.53846153846154,
          30.76923076923077,
          46.15384615384615,
          0.0,
          0.0,
          261.53846153846155,
          61.53846153846154,
          15.384615384615385,
          0.0,
          15.384615384615385,
          61.53846153846154,
          0.0,
          46.15384615384615,
          261.53846153846155,
          61.53846153846154,
          15.384615384615385,
          0.0,
          261.53846153846155,
