{
  "timestamp": "2025-10-02T15:34:32.110658",
  "summary": {
    "total_iteration_time": {
      "mean": 18.484429574012758,
      "std": 3.547675603827164,
      "min": 15.153359174728394,
      "max": 29.716615915298462,
      "total": 369.6885914802551,
      "count": 20
    },
    "policy_update_time": {
      "mean": 18.48401141166687,
      "std": 3.5476664660160826,
      "min": 15.153169870376587,
      "max": 29.716208934783936,
      "total": 369.6802282333374,
      "count": 20
    },
    "checkpoint_save_time": {
      "mean": 0.012540459632873535,
      "std": 0.0023344755172729492,
      "min": 0.010205984115600586,
      "max": 0.014874935150146484,
      "total": 0.02508091926574707,
      "count": 2
    },
    "memory_usage": {
      "mean": 863.9984375,
      "std": 127.24344457382361,
      "min": 461.90625,
      "max": 1041.828125,
      "total": 17279.96875,
      "count": 20
    }
  },
  "raw_timings": {
    "total_iteration_time": [
      15.153359174728394,
      16.032594919204712,
      17.872808933258057,
      16.550836086273193,
      16.498589992523193,
      21.618990182876587,
      17.58650302886963,
      18.74791193008423,
      19.557945013046265,
      26.264626026153564,
      15.913670778274536,
      15.696463823318481,
      15.84325098991394,
      18.182766675949097,
      18.322463989257812,
      17.754324913024902,
      18.556241989135742,
      16.19020700454712,
      17.628420114517212,
      29.716615915298462
    ],
    "env_step_time": [],
    "model_forward_time": [],
    "policy_update_time": [
      15.153169870376587,
      16.03227186203003,
      17.872462034225464,
      16.550377130508423,
      16.498192071914673,
      21.618446111679077,
      17.58605122566223,
      18.747419118881226,
      19.557479858398438,
      26.26430058479309,
      15.913297891616821,
      15.696084022521973,
      15.842797040939331,
      18.182344913482666,
      18.321972131729126,
      17.75388813018799,
      18.55579686164856,
      16.189831256866455,
      17.62783718109131,
      29.716208934783936
    ],
    "evaluation_time": [],
    "data_collection_time": [],
    "checkpoint_save_time": [
      0.014874935150146484,
      0.010205984115600586
    ],
    "memory_usage": [
      461.90625,
      875.8125,
      1041.828125,
      738.3125,
      811.34375,
      817.703125,
      924.578125,
      918.890625,
      924.984375,
      931.609375,
      941.765625,
      928.953125,
      953.203125,
      932.671875,
      694.0,
      772.46875,
      1000.0,
      923.671875,
      919.109375,
      767.15625
    ],
    "gpu_utilization": []
  }
}